"","factor(vote_factor)","factor(country_name)","factor(well_being)","factor(education_original)","factor(age_exact)","factor(voted)","factor(millionaire)","factor(income)","factor(Nb_children__14)","factor(foreign)","factor(employment_status)","factor(urbanity_factor)","factor(hh_size)","factor(gender)","factor(owner)","factor(couple)"
"1","0.0849919664863527","0.0345925679730583","0.0139867817199535","0.0114842773808326","0.00538053783688303","0.00514196941876864","0.00486245993530697","0.0041423058861574","0.00324034343940407","0.00272825157334919","0.00265460113344636","0.00187151280140425","0.00184575829598293","0.00100736773531164","0.000608799348414612","0.000114125157597489"
"2","R^2","0.178653626122223","R^2","0.178653626122223","R^2","0.178653626122223","R^2","0.178653626122223","R^2","0.178653626122223","R^2","0.178653626122223","R^2","0.178653626122223","R^2","0.178653626122223"
