"","factor(country_region)","factor(vote_factor)","factor(age_exact)","factor(millionaire)","factor(employment_status)","factor(Nb_children__14)","factor(education_original)","factor(urbanity_na_as_city)","factor(well_being)","factor(income)","factor(foreign)","factor(hh_size)","factor(owner)","factor(gender)","factor(voted)","factor(couple)"
"1","0.0387053318819184","0.0296797111000722","0.0164894002102846","0.00661926874036116","0.00451685121956217","0.00431693228368074","0.00317272295984087","0.00306086878406543","0.0030130149669457","0.00266569941222721","0.00185138994034652","0.00156938897707389","0.000935274798037566","0.000914831381079398","0.000429757666702976","0.000259052055069208"
"2","R^2","0.118199496377268","R^2","0.118199496377268","R^2","0.118199496377268","R^2","0.118199496377268","R^2","0.118199496377268","R^2","0.118199496377268","R^2","0.118199496377268","R^2","0.118199496377268"
