"","factor(vote_factor)","factor(country_region)","factor(well_being)","factor(education_original)","factor(age_exact)","factor(voted)","factor(millionaire)","factor(income)","factor(Nb_children__14)","factor(employment_status)","factor(foreign)","factor(hh_size)","factor(urbanity_na_as_city)","factor(gender)","factor(owner)","factor(couple)"
"1","0.0842126341125063","0.0392713518388166","0.013992775776793","0.0111770388198807","0.00544242800779032","0.00509981567365497","0.00478450548997042","0.00416123155451249","0.0031882875809325","0.00263599127788024","0.00259597136426445","0.00182248650965981","0.00158719938042755","0.000939381126978366","0.000582919070152587","0.000108281043785958"
"2","R^2","0.181602298628006","R^2","0.181602298628006","R^2","0.181602298628006","R^2","0.181602298628006","R^2","0.181602298628006","R^2","0.181602298628006","R^2","0.181602298628006","R^2","0.181602298628006"
