"","factor(vote_original)","factor(well_being)","factor(education_original)","factor(voted)","factor(age_exact)","factor(millionaire)","factor(income)","factor(Nb_children__14)","factor(employment_status)","factor(foreign)","factor(hh_size)","factor(urbanity_factor)","factor(gender)","factor(owner)","factor(couple)"
"1","0.144133712643621","0.0143270235220332","0.0107085042252486","0.0066317128341593","0.00523920724403079","0.00509122253732002","0.00372781865668077","0.0032340838842946","0.00269702962514642","0.0026671066673852","0.00177583030269103","0.00131339773529374","0.00102277319635227","0.000537135404404287","9.51423710011729e-05"
"2","R^2","0.203201700849662","R^2","0.203201700849662","R^2","0.203201700849662","R^2","0.203201700849662","R^2","0.203201700849662","R^2","0.203201700849662","R^2","0.203201700849662","R^2"
