"","factor(group_defended)","factor(vote_factor)","factor(country_name)","factor(well_being)","factor(education_original)","factor(millionaire)","factor(age_exact)","factor(income)","factor(urbanity_factor)","factor(gender)"
"1","0.0781294625159966","0.0681302637320093","0.0312644746933069","0.015830033846787","0.0120167464309439","0.00616990908890732","0.00490836991617848","0.00429668551635303","0.00404571208445722","0.00130650380886083"
"2","R^2","0.2260981616338","R^2","0.2260981616338","R^2","0.2260981616338","R^2","0.2260981616338","R^2","0.2260981616338"
