"","factor(country_region)","factor(vote_factor)","factor(age_exact)","factor(millionaire)","factor(employment_status)","factor(Nb_children__14)","factor(education_original)","factor(urbanity_na_as_city)","factor(well_being)","factor(income)","factor(foreign)","factor(hh_size)","factor(owner)","factor(gender)","factor(voted)","factor(couple)"
"1","0.0387053318819184","0.0296797111000722","0.0164894002102846","0.00661926874036114","0.00451685121956219","0.00431693228368072","0.00317272295984088","0.00306086878406542","0.0030130149669457","0.00266569941222721","0.00185138994034652","0.00156938897707388","0.000935274798037555","0.000914831381079393","0.000429757666702983","0.000259052055069201"
"2","R^2","0.118199496377268","R^2","0.118199496377268","R^2","0.118199496377268","R^2","0.118199496377268","R^2","0.118199496377268","R^2","0.118199496377268","R^2","0.118199496377268","R^2","0.118199496377268"
