"","factor(age_exact)","factor(urbanity_factor)","factor(millionaire)","factor(education_original)","factor(well_being)","factor(income)","factor(gender)"
"1","0.0218467213036424","0.0111063035859159","0.00829062897711457","0.00630585944282681","0.00347321768994859","0.00299552506358068","0.000665322907157436"
"2","R^2","0.0546835789701864","R^2","0.0546835789701864","R^2","0.0546835789701864","R^2"
