"","factor(well_being)","factor(education_original)","factor(millionaire)","factor(urbanity_factor)","factor(age_exact)","factor(income)","factor(gender)"
"1","0.0192110278745829","0.0169316422311836","0.00701910096196153","0.00632642520369874","0.00576300912601716","0.00451057797876271","0.000681634898833236"
"2","R^2","0.06044341827504","R^2","0.06044341827504","R^2","0.06044341827504","R^2"
