"","factor(group_defended)","factor(country_name)","factor(vote_factor)","factor(age_exact)","factor(millionaire)","factor(education_original)","factor(urbanity_factor)","factor(well_being)","factor(income_decile)","factor(gender)"
"1","0.0488070859622785","0.0339796495215471","0.0189834338052569","0.0185675095545313","0.00732413615494008","0.00406843733350665","0.00290220473868784","0.00235513277626007","0.00169490605655212","0.000374363438032197"
"2","R^2","0.139056859341593","R^2","0.139056859341593","R^2","0.139056859341593","R^2","0.139056859341593","R^2","0.139056859341593"
