"","factor(country_name)","factor(vote_factor)","factor(age_exact)","factor(millionaire)","factor(urbanity_factor)","factor(education_original)","factor(well_being)","factor(income)","factor(gender)"
"1","0.0367651038726849","0.0295161984130085","0.0217282574084948","0.00828134945071304","0.00759238367750643","0.00436231023437669","0.00293161124287419","0.00287125312403279","0.000859285772371821"
"2","R^2","0.114907753196063","R^2","0.114907753196063","R^2","0.114907753196063","R^2","0.114907753196063","R^2"
