"","factor(country_name)","factor(vote_factor)","factor(age_exact)","factor(millionaire)","factor(urbanity_factor)","factor(education_original)","factor(well_being)","factor(income)","factor(gender)"
"1","0.0367651038726849","0.0295161984130086","0.0217282574084947","0.00828134945071305","0.00759238367750641","0.00436231023437662","0.00293161124287419","0.0028712531240328","0.000859285772371866"
"2","R^2","0.114907753196063","R^2","0.114907753196063","R^2","0.114907753196063","R^2","0.114907753196063","R^2"
