"","factor(group_defended)","factor(vote_factor)","factor(country_name)","factor(well_being)","factor(education_original)","factor(millionaire)","factor(age_exact)","factor(income)","factor(urbanity_factor)","factor(gender)"
"1","0.078202235054572","0.0681440344682846","0.0313379312621065","0.0158628257343983","0.0120198387178439","0.00617849870975584","0.00490278738259903","0.00428123441391358","0.00405084652001054","0.00130401671858143"
"2","R^2","0.226284248982066","R^2","0.226284248982066","R^2","0.226284248982066","R^2","0.226284248982066","R^2","0.226284248982066"
