"","factor(group_defended)","factor(vote_factor)","factor(country_name)","factor(well_being)","factor(education_original)","factor(millionaire)","factor(age_exact)","factor(income)","factor(urbanity_factor)","factor(gender)"
"1","0.0781294625159967","0.0681302637320093","0.0312644746933069","0.015830033846787","0.0120167464309439","0.00616990908890731","0.00490836991617849","0.00429668551635304","0.00404571208445724","0.00130650380886084"
"2","R^2","0.226098161633801","R^2","0.226098161633801","R^2","0.226098161633801","R^2","0.226098161633801","R^2","0.226098161633801"
