"","factor(vote_factor)","factor(country_name)","factor(well_being)","factor(education_original)","factor(millionaire)","factor(age_exact)","factor(urbanity_factor)","factor(income)","factor(gender)"
"1","0.0836783809856575","0.0376150191148245","0.0154372762623361","0.0132498044645483","0.0062801251416149","0.00511017911443613","0.00469061855651225","0.00437947414634784","0.000895931480521415"
"2","R^2","0.171336809266799","R^2","0.171336809266799","R^2","0.171336809266799","R^2","0.171336809266799","R^2"
